{"reference": "J3", "proportionalOutlinePath": [[0.2725, 0.8025], [0.26916666666666667, 0.8058333333333333], [0.2675, 0.8083333333333333], [0.2675, 0.8391666666666666], [0.2658333333333333, 0.8408333333333333], [0.19583333333333333, 0.8408333333333333], [0.19166666666666668, 0.845], [0.18916666666666668, 0.8483333333333334], [0.18916666666666668, 0.88], [0.19, 0.8841666666666667], [0.19166666666666668, 0.8858333333333334], [0.19666666666666666, 0.8866666666666667], [0.21083333333333334, 0.8858333333333334], [0.21333333333333335, 0.8858333333333334], [0.22833333333333333, 0.8858333333333334], [0.23166666666666666, 0.8858333333333334], [0.2658333333333333, 0.8866666666666667], [0.5758333333333333, 0.8858333333333334], [0.5783333333333334, 0.8833333333333333], [0.5783333333333334, 0.8083333333333333], [0.5775, 0.805], [0.575, 0.8025]], "additionalOutlinePaths": [[[0.6, 0.8025], [0.5975, 0.805], [0.5975, 0.8783333333333333], [0.5983333333333334, 0.8816666666666667], [0.5991666666666666, 0.8833333333333333], [0.6016666666666667, 0.8858333333333334], [0.9075, 0.8858333333333334], [0.91, 0.8833333333333333], [0.91, 0.8091666666666667], [0.9041666666666667, 0.8033333333333333], [0.9025, 0.8025], [0.7141666666666666, 0.8033333333333333], [0.7125, 0.8033333333333333]], [[0.8783333333333333, 0.4583333333333333], [0.8683333333333333, 0.45916666666666667], [0.8641666666666666, 0.46], [0.8641666666666666, 0.5775], [0.8683333333333333, 0.5775], [0.8716666666666667, 0.5783333333333334], [0.8766666666666667, 0.58], [0.9591666666666666, 0.58], [0.9591666666666666, 0.575], [0.9591666666666666, 0.5608333333333333], [0.9591666666666666, 0.5566666666666666], [0.9591666666666666, 0.5441666666666667], [0.9591666666666666, 0.5366666666666666], [0.96, 0.5233333333333333], [0.96, 0.5058333333333334], [0.9591666666666666, 0.5], [0.9591666666666666, 0.49666666666666665], [0.9591666666666666, 0.49], [0.9591666666666666, 0.48583333333333334], [0.96, 0.465], [0.9591666666666666, 0.4583333333333333]], [[0.6783333333333333, 0.1125], [0.6758333333333333, 0.115], [0.6758333333333333, 0.11666666666666667], [0.6741666666666667, 0.11916666666666667], [0.6741666666666667, 0.19333333333333333], [0.6766666666666666, 0.19583333333333333], [0.7125, 0.195], [0.7141666666666666, 0.195], [0.9025, 0.19583333333333333], [0.905, 0.19416666666666665], [0.91, 0.18916666666666668], [0.91, 0.115], [0.9075, 0.1125]], [[0.3308333333333333, 0.1125], [0.32916666666666666, 0.115], [0.32916666666666666, 0.15166666666666667], [0.3308333333333333, 0.155], [0.3333333333333333, 0.1575], [0.4841666666666667, 0.15833333333333333], [0.4841666666666667, 0.16], [0.4841666666666667, 0.1775], [0.4841666666666667, 0.1825], [0.48333333333333334, 0.18833333333333332], [0.4841666666666667, 0.19333333333333333], [0.4866666666666667, 0.19583333333333333], [0.5225, 0.195], [0.5241666666666667, 0.195], [0.6366666666666667, 0.19583333333333333], [0.6383333333333333, 0.19416666666666665], [0.6408333333333334, 0.18916666666666668], [0.6408333333333334, 0.115], [0.6383333333333333, 0.1125]]], "componentId": "te-connectivity-9-146281-0"}